Metric,Value
Accuracy,0.9902690326273612
Precision,0.9352941176470588
Recall,0.9636363636363636
F1 Score,0.9492537313432836
